start time,request type,latency,response code
8,POST,563,201
9,POST,562,201
9,POST,562,201
8,POST,564,201
8,POST,564,201
8,POST,564,201
8,POST,564,201
9,POST,563,201
9,POST,564,201
8,POST,565,201
8,POST,565,201
8,POST,565,201
8,POST,565,201
8,POST,565,201
9,POST,564,201
8,POST,565,201
571,POST,91,201
572,POST,91,201
573,POST,90,201
573,POST,90,201
573,POST,90,201
572,POST,102,201
573,POST,103,201
571,POST,120,201
573,POST,118,201
573,POST,118,201
572,POST,119,201
573,POST,118,201
573,POST,119,201
571,POST,124,201
572,POST,125,201
573,POST,122,201
663,POST,39,201
663,POST,39,201
662,POST,41,201
663,POST,42,201
663,POST,50,201
681,POST,49,201
674,POST,57,201
691,POST,77,201
691,POST,77,201
691,POST,78,201
698,POST,71,201
713,POST,56,201
698,POST,71,201
695,POST,79,201
697,POST,78,201
691,POST,86,201
702,POST,75,201
703,POST,81,201
691,POST,94,201
702,POST,83,201
731,POST,54,201
705,POST,80,201
730,POST,56,201
777,POST,25,201
774,POST,28,201
777,POST,29,201
769,POST,38,201
769,POST,44,201
769,POST,45,201
768,POST,47,201
769,POST,46,201
768,POST,47,201
775,POST,41,201
786,POST,33,201
805,POST,21,201
786,POST,42,201
786,POST,42,201
804,POST,24,201
813,POST,16,201
806,POST,27,201
786,POST,47,201
814,POST,20,201
786,POST,48,201
815,POST,22,201
819,POST,19,201
826,POST,29,201
807,POST,48,201
828,POST,27,201
833,POST,22,201
833,POST,22,201
815,POST,41,201
829,POST,27,201
815,POST,41,201
828,POST,34,201
816,POST,47,201
786,POST,77,201
828,POST,35,201
834,POST,38,201
837,POST,35,201
856,POST,16,201
855,POST,20,201
838,POST,38,201
855,POST,21,201
856,POST,20,201
855,POST,21,201
855,POST,23,201
855,POST,27,201
834,POST,51,201
862,POST,29,201
856,POST,36,201
863,POST,31,201
863,POST,32,201
872,POST,24,201
882,POST,14,201
876,POST,21,201
878,POST,19,201
863,POST,35,201
875,POST,25,201
872,POST,28,201
876,POST,24,201
892,POST,14,201
891,POST,15,201
872,POST,35,201
876,POST,32,201
894,POST,14,201
896,POST,16,201
898,POST,14,201
897,POST,15,201
896,POST,16,201
895,POST,17,201
897,POST,15,201
885,POST,28,201
900,POST,24,201
900,POST,26,201
900,POST,27,201
906,POST,21,201
876,POST,51,201
906,POST,28,201
907,POST,27,201
908,POST,41,201
908,POST,41,201
913,POST,48,201
912,POST,49,201
912,POST,49,201
934,POST,27,201
912,POST,49,201
924,POST,37,201
934,POST,28,201
912,POST,58,201
926,POST,44,201
949,POST,22,201
912,POST,59,201
949,POST,22,201
927,POST,48,201
927,POST,48,201
927,POST,48,201
961,POST,18,201
961,POST,18,201
961,POST,23,201
961,POST,23,201
961,POST,23,201
971,POST,14,201
961,POST,24,201
961,POST,24,201
971,POST,14,201
962,POST,24,201
975,POST,18,201
970,POST,27,201
975,POST,22,201
975,POST,22,201
971,POST,26,201
984,POST,13,201
970,POST,27,201
985,POST,15,201
984,POST,17,201
979,POST,23,201
984,POST,18,201
979,POST,23,201
985,POST,17,201
985,POST,21,201
993,POST,15,201
986,POST,22,201
985,POST,24,201
997,POST,17,201
997,POST,18,201
997,POST,18,201
997,POST,20,201
997,POST,20,201
997,POST,20,201
1002,POST,22,201
1002,POST,48,201
1002,POST,48,201
1006,POST,44,201
1002,POST,48,201
1001,POST,50,201
1000,POST,52,201
1009,POST,43,201
1017,POST,43,201
1017,POST,43,201
1015,POST,48,201
1008,POST,57,201
1014,POST,50,201
1017,POST,47,201
1008,POST,61,201
1024,POST,46,201
1015,POST,64,201
1060,POST,24,201
1070,POST,16,201
1051,POST,38,201
1068,POST,21,201
1069,POST,20,201
1065,POST,27,201
1067,POST,29,201
1079,POST,17,201
1050,POST,46,201
1050,POST,46,201
1052,POST,44,201
1052,POST,44,201
1050,POST,48,201
1084,POST,14,201
1086,POST,14,201
1065,POST,38,201
1089,POST,14,201
1089,POST,14,201
1050,POST,53,201
1089,POST,14,201
1060,POST,43,201
1092,POST,12,201
1096,POST,15,201
1096,POST,15,201
1096,POST,20,201
1096,POST,20,201
1096,POST,20,201
1098,POST,19,201
1098,POST,19,201
1104,POST,14,201
1100,POST,19,201
1103,POST,18,201
1103,POST,18,201
1103,POST,19,201
1103,POST,19,201
1104,POST,18,201
1111,POST,41,201
1116,POST,36,201
1096,POST,56,201
1103,POST,49,201
1111,POST,42,201
1116,POST,37,201
1116,POST,37,201
1119,POST,48,201
1117,POST,51,201
1122,POST,46,201
1122,POST,46,201
1117,POST,52,201
1121,POST,49,201
1152,POST,25,201
1122,POST,55,201
1152,POST,26,201
1121,POST,57,201
1153,POST,25,201
1118,POST,61,201
1153,POST,26,201
1153,POST,26,201
1153,POST,40,201
1153,POST,41,201
1170,POST,103,201
1179,POST,95,201
1179,POST,95,201
1194,POST,81,201
1179,POST,96,201
1170,POST,105,201
1178,POST,103,201
1178,POST,103,201
1178,POST,103,201
1170,POST,111,201
1170,POST,111,201
1194,POST,87,201
1177,POST,105,201
1178,POST,104,201
1170,POST,112,201
1170,POST,112,201
1275,POST,101,201
1275,POST,101,201
1275,POST,101,201
1274,POST,102,201
1274,POST,102,201
1273,POST,103,201
1282,POST,104,201
1282,POST,104,201
1282,POST,104,201
1281,POST,105,201
1281,POST,105,201
1281,POST,106,201
1281,POST,106,201
1281,POST,108,201
1282,POST,107,201
1281,POST,108,201
1387,POST,15,201
1386,POST,18,201
1376,POST,28,201
1386,POST,18,201
1376,POST,28,201
1376,POST,29,201
1376,POST,29,201
1376,POST,39,201
1389,POST,26,201
1386,POST,53,201
1389,POST,50,201
1389,POST,50,201
1386,POST,54,201
1386,POST,54,201
1402,POST,39,201
1376,POST,65,201
1404,POST,44,201
1388,POST,60,201
1405,POST,44,201
1404,POST,45,201
1405,POST,44,201
1404,POST,46,201
1441,POST,20,201
1439,POST,22,201
1415,POST,46,201
1441,POST,20,201
1440,POST,21,201
1440,POST,21,201
1415,POST,46,201
1404,POST,59,201
1449,POST,17,201
1448,POST,21,201
1448,POST,21,201
1449,POST,20,201
1450,POST,19,201
1439,POST,30,201
1439,POST,30,201
1449,POST,25,201
1461,POST,19,201
1466,POST,14,201
1461,POST,19,201
1461,POST,19,201
1461,POST,19,201
1461,POST,19,201
1469,POST,14,201
1469,POST,14,201
1469,POST,14,201
1469,POST,14,201
1469,POST,15,201
1474,POST,22,201
1461,POST,36,201
1463,POST,35,201
1480,POST,21,201
1480,POST,21,201
1480,POST,21,201
1480,POST,21,201
1461,POST,41,201
1480,POST,22,201
1480,POST,24,201
1483,POST,26,201
1484,POST,25,201
1483,POST,28,201
1483,POST,30,201
1497,POST,16,201
1483,POST,30,201
1498,POST,15,201
1483,POST,30,201
1501,POST,16,201
1501,POST,16,201
1501,POST,16,201
1501,POST,16,201
1504,POST,14,201
1502,POST,16,201
1502,POST,17,201
1509,POST,12,201
1509,POST,15,201
1511,POST,13,201
1513,POST,12,201
1513,POST,14,201
1513,POST,15,201
1513,POST,15,201
1498,POST,30,201
1513,POST,15,201
1517,POST,13,201
1518,POST,12,201
1517,POST,13,201
1517,POST,15,201
1521,POST,11,201
1517,POST,15,201
1518,POST,14,201
1524,POST,38,201
1519,POST,44,201
1525,POST,39,201
1524,POST,48,201
1528,POST,75,201
1529,POST,74,201
1528,POST,86,201
1530,POST,87,201
1531,POST,86,201
1538,POST,81,201
1562,POST,57,201
1572,POST,55,201
1603,POST,24,201
1529,POST,98,201
1538,POST,90,201
1537,POST,92,201
1528,POST,101,201
1564,POST,65,201
1563,POST,66,201
1603,POST,26,201
1530,POST,99,201
1538,POST,91,201
1614,POST,15,201
1617,POST,47,201
1617,POST,47,201
1619,POST,45,201
1619,POST,46,201
1629,POST,36,201
1629,POST,36,201
1627,POST,38,201
1629,POST,36,201
1627,POST,55,201
1665,POST,17,201
1629,POST,53,201
1629,POST,53,201
1629,POST,53,201
1665,POST,18,201
1664,POST,19,201
1664,POST,19,201
1629,POST,54,201
1629,POST,54,201
1665,POST,18,201
1628,POST,55,201
1627,POST,56,201
1665,POST,18,201
1665,POST,18,201
1664,POST,20,201
1683,POST,28,201
1683,POST,29,201
1683,POST,31,201
1683,POST,34,201
1683,POST,34,201
1684,POST,40,201
1683,POST,43,201
1712,POST,14,201
1711,POST,16,201
1714,POST,14,201
1682,POST,47,201
1683,POST,46,201
1683,POST,46,201
1683,POST,46,201
1682,POST,47,201
1682,POST,48,201
1683,POST,47,201
1717,POST,15,201
1682,POST,50,201
1682,POST,50,201
1717,POST,16,201
1724,POST,15,201
1726,POST,13,201
1726,POST,13,201
1728,POST,12,201
1727,POST,14,201
1729,POST,15,201
1729,POST,15,201
1729,POST,15,201
1729,POST,15,201
1729,POST,15,201
1732,POST,14,201
1730,POST,16,201
1730,POST,16,201
1732,POST,15,201
1732,POST,15,201
1733,POST,15,201
1739,POST,14,201
1741,POST,45,201
1744,POST,42,201
1747,POST,39,201
1739,POST,47,201
1746,POST,40,201
1744,POST,42,201
1746,POST,41,201
1744,POST,41,201
1744,POST,42,201
1739,POST,51,201
1744,POST,46,201
1747,POST,44,201
1748,POST,43,201
1747,POST,44,201
1740,POST,56,201
1786,POST,30,201
1786,POST,30,201
1791,POST,25,201
1786,POST,31,201
1786,POST,32,201
1796,POST,22,201
1789,POST,31,201
1789,POST,33,201
1786,POST,66,201
1790,POST,62,201
1786,POST,66,201
1790,POST,62,201
1791,POST,63,201
1816,POST,71,201
1817,POST,71,201
1818,POST,78,201
1822,POST,86,201
1818,POST,92,201
1910,POST,60,201
1854,POST,116,201
1852,POST,122,201
1887,POST,87,201
1852,POST,122,201
1888,POST,89,201
1908,POST,72,201
1852,POST,128,201
1970,POST,75,201
1980,POST,66,201
1974,POST,125,201
1970,POST,136,201
2045,POST,227,201
1822,POST,36,201
1822,POST,65,201
1823,POST,64,201
1824,POST,63,201
1822,POST,66,201
1823,POST,73,201
1822,POST,74,201
1823,POST,73,201
1823,POST,84,201
1822,POST,86,201
1823,POST,85,201
1823,POST,85,201
1823,POST,86,201
1823,POST,87,201
1823,POST,87,201
1827,POST,134,201
1827,POST,137,201
1828,POST,136,201
1828,POST,136,201
1822,POST,143,201
1824,POST,146,201
1822,POST,148,201
1826,POST,144,201
1858,POST,112,201
1910,POST,60,201
1822,POST,148,201
1828,POST,142,201
1825,POST,146,201
1824,POST,147,201
1829,POST,142,201
1825,POST,146,201
1824,POST,147,201
1825,POST,146,201
1828,POST,143,201
1888,POST,83,201
1827,POST,144,201
1827,POST,145,201
1827,POST,145,201
1826,POST,146,201
1908,POST,64,201
1827,POST,145,201
1826,POST,146,201
1824,POST,148,201
1909,POST,63,201
1828,POST,144,201
1828,POST,144,201
1896,POST,76,201
1907,POST,65,201
1908,POST,65,201
1827,POST,146,201
1826,POST,147,201
1825,POST,148,201
1823,POST,150,201
1826,POST,147,201
1824,POST,149,201
1825,POST,149,201
1826,POST,148,201
1829,POST,145,201
1827,POST,147,201
1829,POST,145,201
1828,POST,146,201
1826,POST,148,201
1887,POST,87,201
1826,POST,148,201
1908,POST,66,201
1828,POST,148,201
1824,POST,153,201
1826,POST,151,201
1887,POST,90,201
1910,POST,70,201
1896,POST,84,201
1896,POST,85,201
1896,POST,85,201
1827,POST,154,201
1887,POST,94,201
1825,POST,156,201
1822,POST,159,201
1826,POST,158,201
1974,POST,55,201
1974,POST,56,201
1972,POST,65,201
1973,POST,64,201
1977,POST,61,201
1971,POST,68,201
1971,POST,69,201
1977,POST,63,201
1981,POST,59,201
1970,POST,70,201
1981,POST,59,201
1972,POST,68,201
1972,POST,69,201
1961,POST,80,201
1972,POST,70,201
1974,POST,68,201
1971,POST,71,201
1971,POST,71,201
1972,POST,70,201
1970,POST,72,201
1974,POST,68,201
1974,POST,68,201
1970,POST,74,201
1981,POST,63,201
1973,POST,71,201
1981,POST,63,201
1972,POST,72,201
1973,POST,72,201
1971,POST,74,201
1981,POST,64,201
1973,POST,72,201
1974,POST,70,201
1981,POST,64,201
1984,POST,61,201
1970,POST,75,201
1964,POST,82,201
1973,POST,125,201
1964,POST,134,201
1971,POST,128,201
1980,POST,119,201
1971,POST,128,201
1977,POST,123,201
1970,POST,130,201
1972,POST,128,201
1974,POST,127,201
1974,POST,127,201
1965,POST,136,201
1822,POST,279,201
1972,POST,129,201
1974,POST,127,201
1976,POST,125,201
1972,POST,129,201
1973,POST,128,201
1971,POST,131,201
1974,POST,128,201
1972,POST,131,201
1964,POST,140,201
1971,POST,134,201
1971,POST,134,201
1973,POST,133,201
1980,POST,126,201
1972,POST,134,201
1970,POST,138,201
1972,POST,136,201
2045,POST,159,201
2045,POST,216,201
2113,POST,148,201
2117,POST,145,201
2117,POST,145,201
2122,POST,140,201
2117,POST,145,201
2045,POST,217,201
2044,POST,218,201
2045,POST,217,201
2117,POST,145,201
2117,POST,146,201
2120,POST,143,201
2040,POST,223,201
2115,POST,148,201
2117,POST,146,201
2116,POST,147,201
2044,POST,220,201
2042,POST,222,201
2113,POST,151,201
2116,POST,148,201
2115,POST,149,201
2045,POST,219,201
2044,POST,220,201
2116,POST,148,201
2116,POST,149,201
2117,POST,148,201
2115,POST,150,201
2030,POST,235,201
2039,POST,226,201
2037,POST,229,201
2042,POST,224,201
2041,POST,225,201
2045,POST,221,201
2042,POST,224,201
2045,POST,221,201
2040,POST,227,201
2042,POST,225,201
2029,POST,238,201
2118,POST,149,201
2042,POST,226,201
2045,POST,223,201
2038,POST,230,201
2040,POST,228,201
2040,POST,228,201
2120,POST,149,201
2117,POST,152,201
2044,POST,225,201
2037,POST,233,201
2117,POST,153,201
2041,POST,230,201
2040,POST,231,201
2117,POST,154,201
2044,POST,227,201
2044,POST,228,201
2115,POST,166,201
2042,POST,272,201
2040,POST,281,201
2117,POST,204,201
2046,POST,275,201
2116,POST,218,201
2116,POST,218,201
2042,POST,293,201
2115,POST,220,201
2204,POST,135,201
2271,POST,190,201
2264,POST,197,201
2263,POST,199,201
2271,POST,191,201
2262,POST,202,201
2267,POST,208,201
2264,POST,211,201
2270,POST,206,201
2267,POST,209,201
2271,POST,205,201
2263,POST,213,201
2267,POST,209,201
2262,POST,215,201
2266,POST,211,201
2266,POST,211,201
2262,POST,215,201
2321,POST,156,201
2262,POST,215,201
2262,POST,215,201
2264,POST,213,201
2268,POST,209,201
2334,POST,143,201
2314,POST,163,201
2265,POST,212,201
2266,POST,214,201
2263,POST,217,201
2264,POST,216,201
2265,POST,215,201
2266,POST,214,201
2265,POST,215,201
2265,POST,215,201
2267,POST,213,201
2262,POST,218,201
2268,POST,212,201
2266,POST,214,201
2268,POST,212,201
2271,POST,209,201
2268,POST,212,201
2272,POST,208,201
2263,POST,217,201
2265,POST,215,201
2321,POST,159,201
2264,POST,216,201
2262,POST,218,201
2269,POST,211,201
2269,POST,211,201
2262,POST,218,201
2334,POST,146,201
2281,POST,199,201
2263,POST,217,201
2264,POST,216,201
2335,POST,146,201
2321,POST,161,201
2261,POST,221,201
2335,POST,147,201
2264,POST,218,201
2269,POST,213,201
2266,POST,216,201
2264,POST,218,201
2268,POST,214,201
2263,POST,219,201
2261,POST,221,201
2339,POST,143,201
2461,POST,22,201
2462,POST,21,201
2464,POST,23,201
2480,POST,32,201
2480,POST,32,201
2481,POST,31,201
2480,POST,32,201
2480,POST,32,201
2480,POST,32,201
2480,POST,32,201
2483,POST,29,201
2480,POST,32,201
2480,POST,32,201
2480,POST,32,201
2480,POST,32,201
2480,POST,32,201
2477,POST,35,201
2477,POST,35,201
2480,POST,32,201
2477,POST,35,201
2480,POST,32,201
2480,POST,32,201
2477,POST,35,201
2476,POST,36,201
2480,POST,32,201
2480,POST,32,201
2480,POST,32,201
2480,POST,32,201
2480,POST,32,201
2480,POST,32,201
2477,POST,35,201
2477,POST,35,201
2480,POST,32,201
2476,POST,39,201
2477,POST,38,201
2477,POST,38,201
2476,POST,39,201
2476,POST,39,201
2477,POST,38,201
2477,POST,38,201
2476,POST,39,201
2480,POST,35,201
2475,POST,40,201
2477,POST,38,201
2477,POST,38,201
2480,POST,35,201
2475,POST,40,201
2461,POST,54,201
2462,POST,54,201
2480,POST,36,201
2480,POST,36,201
2480,POST,36,201
2480,POST,36,201
2482,POST,51,201
2487,POST,46,201
2480,POST,53,201
2482,POST,51,201
2482,POST,51,201
2512,POST,26,201
2515,POST,24,201
2512,POST,28,201
2482,POST,58,201
2515,POST,25,201
2482,POST,58,201
2482,POST,58,201
2482,POST,58,201
2512,POST,28,201
2483,POST,58,201
2482,POST,60,201
2482,POST,66,201
2515,POST,33,201
2533,POST,16,201
2482,POST,67,201
2533,POST,17,201
2533,POST,18,201
2512,POST,39,201
2512,POST,39,201
2533,POST,18,201
2538,POST,13,201
2533,POST,18,201
2515,POST,37,201
2515,POST,37,201
2512,POST,40,201
2512,POST,40,201
2516,POST,36,201
2515,POST,37,201
2512,POST,40,201
2515,POST,39,201
2515,POST,40,201
2516,POST,39,201
2516,POST,43,201
2515,POST,44,201
2512,POST,47,201
2540,POST,20,201
2540,POST,20,201
2540,POST,20,201
2539,POST,21,201
2540,POST,21,201
2515,POST,46,201
2512,POST,49,201
2515,POST,47,201
2512,POST,50,201
2512,POST,50,201
2512,POST,51,201
2512,POST,51,201
2540,POST,50,201
2512,POST,79,201
2515,POST,76,201
2512,POST,80,201
2512,POST,80,201
2552,POST,40,201
2512,POST,80,201
2512,POST,80,201
2550,POST,42,201
2554,POST,38,201
2549,POST,44,201
2515,POST,78,201
2551,POST,42,201
2551,POST,42,201
2552,POST,41,201
2533,POST,60,201
2515,POST,78,201
2551,POST,43,201
2549,POST,45,201
2551,POST,43,201
2548,POST,46,201
2552,POST,42,201
2552,POST,42,201
2512,POST,82,201
2512,POST,82,201
2512,POST,83,201
2512,POST,83,201
2555,POST,40,201
2512,POST,83,201
2512,POST,83,201
2552,POST,44,201
2512,POST,84,201
2552,POST,44,201
2512,POST,84,201
2515,POST,82,201
2551,POST,46,201
2551,POST,46,201
2541,POST,56,201
2555,POST,42,201
2512,POST,86,201
2548,POST,50,201
2559,POST,40,201
2560,POST,39,201
2540,POST,59,201
2559,POST,40,201
2563,POST,36,201
2560,POST,39,201
2512,POST,98,201
2512,POST,98,201
2552,POST,59,201
2540,POST,72,201
2516,POST,96,201
2542,POST,70,201
2595,POST,29,201
2591,POST,34,201
2562,POST,63,201
2562,POST,63,201
2599,POST,26,201
2561,POST,64,201
2560,POST,65,201
2599,POST,26,201
2599,POST,27,201
2599,POST,27,201
2591,POST,35,201
2590,POST,36,201
2562,POST,64,201
2599,POST,28,201
2561,POST,66,201
2592,POST,36,201
2561,POST,67,201
2598,POST,30,201
2560,POST,68,201
2563,POST,65,201
2592,POST,36,201
2612,POST,16,201
2612,POST,16,201
2593,POST,36,201
2598,POST,31,201
2559,POST,70,201
2595,POST,34,201
2594,POST,39,201
2596,POST,37,201
2594,POST,39,201
2597,POST,36,201
2592,POST,42,201
2592,POST,45,201
2595,POST,42,201
2594,POST,43,201
2595,POST,42,201
2596,POST,41,201
2592,POST,46,201
2593,POST,46,201
2625,POST,14,201
2590,POST,49,201
2592,POST,48,201
2597,POST,43,201
2625,POST,15,201
2625,POST,16,201
2593,POST,48,201
2594,POST,47,201
2612,POST,29,201
2594,POST,47,201
2597,POST,44,201
2626,POST,15,201
2595,POST,46,201
2624,POST,17,201
2594,POST,47,201
2594,POST,49,201
2625,POST,18,201
2596,POST,47,201
2597,POST,46,201
2626,POST,17,201
2627,POST,16,201
2627,POST,17,201
2593,POST,51,201
2626,POST,18,201
2625,POST,19,201
2625,POST,19,201
2626,POST,18,201
2625,POST,19,201
2628,POST,16,201
2626,POST,18,201
2628,POST,16,201
2593,POST,51,201
2628,POST,18,201
2597,POST,49,201
2610,POST,36,201
2610,POST,36,201
2592,POST,54,201
2611,POST,35,201
2593,POST,53,201
2593,POST,53,201
2629,POST,17,201
2629,POST,17,201
2628,POST,18,201
2628,POST,18,201
2628,POST,18,201
2633,POST,13,201
2628,POST,18,201
2633,POST,13,201
2629,POST,20,201
2629,POST,20,201
2633,POST,16,201
2634,POST,15,201
2637,POST,12,201
2637,POST,15,201
2637,POST,15,201
2637,POST,15,201
2637,POST,15,201
2639,POST,14,201
2640,POST,13,201
2639,POST,14,201
2639,POST,14,201
2640,POST,13,201
2638,POST,15,201
2641,POST,16,201
2641,POST,16,201
2641,POST,16,201
2643,POST,14,201
2641,POST,17,201
2641,POST,17,201
2643,POST,15,201
2643,POST,15,201
2641,POST,17,201
2643,POST,15,201
2643,POST,16,201
2643,POST,16,201
2644,POST,16,201
2644,POST,16,201
2640,POST,20,201
2641,POST,19,201
2641,POST,20,201
2641,POST,20,201
2644,POST,66,201
2646,POST,64,201
2652,POST,58,201
2646,POST,64,201
2649,POST,62,201
2646,POST,65,201
2646,POST,65,201
2653,POST,58,201
2652,POST,60,201
2646,POST,66,201
2646,POST,66,201
2646,POST,66,201
2646,POST,67,201
2646,POST,67,201
2652,POST,62,201
2644,POST,70,201
2649,POST,65,201
2646,POST,69,201
2646,POST,69,201
2649,POST,67,201
2646,POST,70,201
2644,POST,72,201
2653,POST,63,201
2646,POST,70,201
2649,POST,68,201
2646,POST,72,201
2658,POST,61,201
2661,POST,58,201
2658,POST,62,201
2646,POST,74,201
2658,POST,62,201
2657,POST,63,201
2644,POST,77,201
2644,POST,77,201
2644,POST,77,201
2657,POST,65,201
2658,POST,64,201
2649,POST,73,201
2659,POST,63,201
2653,POST,69,201
2657,POST,66,201
2658,POST,65,201
2657,POST,66,201
2659,POST,64,201
2658,POST,66,201
2644,POST,80,201
2644,POST,80,201
2653,POST,71,201
2644,POST,80,201
2646,POST,78,201
2660,POST,65,201
2649,POST,76,201
2652,POST,73,201
2646,POST,79,201
2653,POST,72,201
2641,POST,84,201
2644,POST,82,201
2653,POST,74,201
2646,POST,81,201
2646,POST,81,201
2660,POST,69,201
2660,POST,70,201
2661,POST,70,201
2660,POST,72,201
2723,POST,34,201
2722,POST,75,201
2716,POST,81,201
2721,POST,76,201
2711,POST,86,201
2722,POST,75,201
2721,POST,85,201
2724,POST,82,201
2722,POST,87,201
2731,POST,78,201
2714,POST,95,201
2714,POST,96,201
2724,POST,86,201
2725,POST,85,201
2712,POST,98,201
2723,POST,87,201
2714,POST,96,201
2723,POST,87,201
2725,POST,85,201
2720,POST,90,201
2720,POST,90,201
2710,POST,100,201
2719,POST,91,201
2711,POST,99,201
2711,POST,99,201
2720,POST,90,201
2710,POST,100,201
2727,POST,83,201
2721,POST,89,201
2725,POST,85,201
2715,POST,95,201
2730,POST,83,201
2713,POST,101,201
2712,POST,105,201
2726,POST,91,201
2720,POST,98,201
2724,POST,96,201
2718,POST,102,201
2724,POST,97,201
2797,POST,24,201
2727,POST,95,201
2797,POST,26,201
2710,POST,113,201
2716,POST,112,201
2724,POST,104,201
2797,POST,31,201
2722,POST,106,201
2716,POST,112,201
2723,POST,106,201
2797,POST,32,201
2797,POST,32,201
2760,POST,72,201
2729,POST,104,201
2717,POST,117,201
2716,POST,119,201
2711,POST,124,201
2725,POST,110,201
2810,POST,25,201
2726,POST,109,201
2810,POST,26,201
2722,POST,114,201
2712,POST,125,201
2725,POST,112,201
2732,POST,105,201
2713,POST,124,201
2710,POST,128,201
2716,POST,122,201
2810,POST,29,201
2806,POST,34,201
2810,POST,30,201
2810,POST,30,201
2810,POST,30,201
2810,POST,30,201
2810,POST,30,201
2810,POST,30,201
2719,POST,122,201
2715,POST,127,201
2724,POST,118,201
2712,POST,130,201
2813,POST,29,201
2809,POST,33,201
2817,POST,25,201
2820,POST,22,201
2820,POST,22,201
2821,POST,21,201
2814,POST,28,201
2823,POST,19,201
2810,POST,33,201
2810,POST,35,201
2809,POST,36,201
2810,POST,35,201
2810,POST,35,201
2809,POST,36,201
2806,POST,39,201
2727,POST,119,201
2810,POST,39,201
2821,POST,29,201
2810,POST,41,201
2810,POST,41,201
2810,POST,41,201
2810,POST,41,201
2823,POST,28,201
2810,POST,41,201
2818,POST,33,201
2810,POST,41,201
2822,POST,29,201
2842,POST,12,201
2841,POST,15,201
2842,POST,14,201
2842,POST,14,201
2837,POST,21,201
2842,POST,16,201
2829,POST,29,201
2832,POST,26,201
2842,POST,16,201
2842,POST,18,201
2845,POST,15,201
2845,POST,15,201
2845,POST,15,201
2843,POST,17,201
2842,POST,18,201
2842,POST,18,201
2845,POST,15,201
2842,POST,18,201
2835,POST,29,201
2850,POST,19,201
2833,POST,36,201
2851,POST,18,201
2834,POST,35,201
2837,POST,32,201
2851,POST,18,201
2851,POST,18,201
2851,POST,18,201
2851,POST,18,201
2851,POST,20,201
2854,POST,17,201
2851,POST,20,201
2845,POST,26,201
2845,POST,26,201
2829,POST,42,201
2846,POST,25,201
2858,POST,16,201
2858,POST,16,201
2858,POST,16,201
2858,POST,16,201
2856,POST,18,201
2856,POST,18,201
2858,POST,16,201
2838,POST,36,201
2856,POST,18,201
2840,POST,34,201
2828,POST,46,201
2842,POST,34,201
2835,POST,41,201
2860,POST,16,201
2840,POST,36,201
2860,POST,16,201
2842,POST,34,201
2840,POST,36,201
2837,POST,40,201
2860,POST,18,201
2835,POST,43,201
2828,POST,50,201
2851,POST,27,201
2836,POST,42,201
2835,POST,43,201
2828,POST,50,201
2860,POST,18,201
2835,POST,43,201
2860,POST,18,201
2837,POST,41,201
2851,POST,29,201
2817,POST,63,201
2829,POST,51,201
2860,POST,20,201
2860,POST,20,201
2828,POST,52,201
2840,POST,40,201
2840,POST,40,201
2828,POST,52,201
2838,POST,42,201
2840,POST,41,201
2836,POST,46,201
2839,POST,43,201
2860,POST,22,201
2860,POST,22,201
2869,POST,41,201
2869,POST,41,201
2869,POST,41,201
2864,POST,46,201
2869,POST,41,201
2869,POST,41,201
2869,POST,41,201
2869,POST,41,201
2849,POST,61,201
2840,POST,70,201
2869,POST,41,201
2871,POST,40,201
2871,POST,40,201
2871,POST,40,201
2871,POST,40,201
2871,POST,40,201
2871,POST,40,201
2871,POST,40,201
2874,POST,37,201
2874,POST,37,201
2874,POST,37,201
2874,POST,37,201
2874,POST,37,201
2874,POST,37,201
2874,POST,37,201
2874,POST,37,201
2874,POST,37,201
2874,POST,37,201
2874,POST,37,201
2876,POST,35,201
2869,POST,43,201
2877,POST,43,201
2878,POST,42,201
2878,POST,42,201
2878,POST,42,201
2876,POST,44,201
2878,POST,44,201
2878,POST,44,201
2878,POST,44,201
2876,POST,46,201
2876,POST,46,201
2876,POST,46,201
2880,POST,42,201
2880,POST,43,201
2878,POST,45,201
2880,POST,43,201
2880,POST,45,201
2880,POST,45,201
2876,POST,49,201
2882,POST,43,201
2880,POST,45,201
2881,POST,44,201
2880,POST,45,201
2880,POST,47,201
2882,POST,45,201
2876,POST,51,201
2882,POST,46,201
2882,POST,46,201
2878,POST,50,201
2878,POST,50,201
2878,POST,50,201
2878,POST,50,201
2920,POST,14,201
2911,POST,23,201
2880,POST,54,201
2922,POST,16,201
2922,POST,16,201
2922,POST,16,201
2920,POST,18,201
2922,POST,16,201
2922,POST,16,201
2923,POST,17,201
2880,POST,60,201
2911,POST,29,201
2911,POST,29,201
2911,POST,29,201
2925,POST,15,201
2922,POST,18,201
2922,POST,18,201
2923,POST,17,201
2925,POST,16,201
2928,POST,13,201
2928,POST,13,201
2925,POST,16,201
2920,POST,21,201
2925,POST,16,201
2925,POST,16,201
2911,POST,31,201
2925,POST,17,201
2920,POST,22,201
2923,POST,19,201
2920,POST,22,201
2925,POST,17,201
2910,POST,33,201
2928,POST,15,201
2927,POST,16,201
2927,POST,16,201
2927,POST,16,201
2928,POST,16,201
2928,POST,16,201
2928,POST,16,201
2911,POST,33,201
2911,POST,35,201
2911,POST,37,201
2911,POST,37,201
2911,POST,37,201
2934,POST,15,201
2912,POST,37,201
2911,POST,38,201
2910,POST,39,201
2910,POST,40,201
2910,POST,40,201
2910,POST,40,201
2911,POST,39,201
2934,POST,16,201
2934,POST,16,201
2910,POST,41,201
2911,POST,40,201
2910,POST,41,201
2911,POST,40,201
2910,POST,41,201
2910,POST,41,201
2911,POST,40,201
2911,POST,41,201
2911,POST,41,201
2911,POST,41,201
2910,POST,42,201
2911,POST,41,201
2910,POST,42,201
2940,POST,15,201
2941,POST,14,201
2940,POST,15,201
2938,POST,17,201
2941,POST,14,201
2938,POST,17,201
2940,POST,15,201
2938,POST,17,201
2941,POST,14,201
2938,POST,17,201
2940,POST,15,201
2940,POST,15,201
2940,POST,15,201
2938,POST,17,201
2938,POST,17,201
2942,POST,14,201
2941,POST,15,201
2942,POST,14,201
2942,POST,14,201
2940,POST,16,201
2941,POST,15,201
2941,POST,15,201
2941,POST,15,201
2943,POST,13,201
2942,POST,18,201
2942,POST,18,201
2942,POST,18,201
2943,POST,17,201
2946,POST,14,201
2943,POST,17,201
2943,POST,17,201
2943,POST,17,201
2944,POST,16,201
2944,POST,16,201
2944,POST,16,201
2948,POST,13,201
2948,POST,14,201
2950,POST,14,201
2950,POST,14,201
2949,POST,15,201
2948,POST,16,201
2949,POST,15,201
2949,POST,15,201
2949,POST,15,201
2950,POST,15,201
2951,POST,14,201
2950,POST,15,201
2951,POST,14,201
2951,POST,14,201
2950,POST,15,201
2950,POST,15,201
2951,POST,14,201
2951,POST,14,201
2952,POST,13,201
2951,POST,14,201
2952,POST,14,201
2951,POST,16,201
2952,POST,15,201
2940,POST,27,201
2952,POST,15,201
2952,POST,16,201
2952,POST,16,201
2955,POST,15,201
2955,POST,15,201
2955,POST,15,201
2955,POST,16,201
2955,POST,16,201
2955,POST,16,201
2955,POST,16,201
2956,POST,15,201
2955,POST,16,201
2955,POST,16,201
2955,POST,16,201
2955,POST,16,201
2956,POST,15,201
2955,POST,18,201
2956,POST,17,201
2956,POST,17,201
2956,POST,17,201
2955,POST,18,201
2956,POST,17,201
2956,POST,17,201
2956,POST,17,201
2940,POST,33,201
2956,POST,17,201
2955,POST,18,201
2955,POST,18,201
2960,POST,14,201
2960,POST,14,201
2960,POST,17,201
2961,POST,16,201
2960,POST,17,201
2960,POST,17,201
2960,POST,17,201
2960,POST,17,201
2960,POST,17,201
2964,POST,14,201
2964,POST,14,201
2962,POST,16,201
2964,POST,15,201
2960,POST,19,201
2960,POST,19,201
2960,POST,19,201
2960,POST,19,201
2964,POST,15,201
2964,POST,16,201
2965,POST,17,201
2965,POST,17,201
2965,POST,17,201
2965,POST,17,201
2965,POST,17,201
2968,POST,14,201
2965,POST,17,201
2965,POST,17,201
2965,POST,17,201
2964,POST,18,201
2965,POST,17,201
2965,POST,18,201
2965,POST,18,201
2967,POST,21,201
2967,POST,22,201
2967,POST,22,201
2968,POST,21,201
2967,POST,23,201
2966,POST,58,201
2964,POST,60,201
2982,POST,46,201
2982,POST,46,201
2979,POST,49,201
2971,POST,57,201
2977,POST,51,201
2980,POST,51,201
2971,POST,60,201
2977,POST,54,201
2970,POST,61,201
2979,POST,52,201
2973,POST,58,201
2973,POST,67,201
2978,POST,62,201
2982,POST,58,201
2973,POST,67,201
2982,POST,58,201
2971,POST,69,201
2973,POST,67,201
2982,POST,58,201
2973,POST,68,201
2971,POST,70,201
2988,POST,53,201
2982,POST,59,201
2977,POST,64,201
2973,POST,68,201
2971,POST,70,201
2971,POST,70,201
2979,POST,62,201
2973,POST,68,201
2973,POST,68,201
2982,POST,59,201
2971,POST,70,201
2974,POST,67,201
2973,POST,68,201
2977,POST,64,201
2983,POST,58,201
2979,POST,62,201
2971,POST,70,201
2973,POST,68,201
2970,POST,71,201
3024,POST,17,201
2973,POST,68,201
3024,POST,17,201
2977,POST,64,201
2982,POST,59,201
2977,POST,64,201
2979,POST,62,201
2971,POST,70,201
2982,POST,59,201
2983,POST,58,201
2977,POST,64,201
2982,POST,59,201
2978,POST,63,201
2989,POST,52,201
2970,POST,71,201
2978,POST,63,201
2982,POST,59,201
2979,POST,62,201
2971,POST,70,201
2989,POST,52,201
2973,POST,69,201
3028,POST,48,201
3028,POST,50,201
3031,POST,47,201
3031,POST,47,201
3031,POST,47,201
3041,POST,38,201
3028,POST,52,201
3041,POST,39,201
3040,POST,40,201
3031,POST,50,201
2974,POST,108,201
3028,POST,54,201
3028,POST,54,201
2990,POST,93,201
3041,POST,42,201
2989,POST,95,201
3031,POST,53,201
3041,POST,55,201
3078,POST,32,201
3078,POST,33,201
3082,POST,31,201
3078,POST,35,201
3076,POST,37,201
3080,POST,33,201
3096,POST,18,201
3079,POST,35,201
3078,POST,36,201
3080,POST,34,201
3081,POST,33,201
3041,POST,80,201
3041,POST,80,201
3041,POST,80,201
3041,POST,80,201
3041,POST,86,201
3041,POST,86,201
3041,POST,86,201
3041,POST,86,201
3041,POST,86,201
3040,POST,87,201
3110,POST,17,201
3040,POST,87,201
3041,POST,86,201
3041,POST,86,201
3041,POST,87,201
3041,POST,87,201
3111,POST,17,201
3042,POST,88,201
3040,POST,90,201
3040,POST,90,201
3041,POST,89,201
3040,POST,90,201
3041,POST,89,201
3041,POST,89,201
3041,POST,89,201
3041,POST,89,201
3041,POST,89,201
3040,POST,90,201
3041,POST,90,201
3041,POST,90,201
3084,POST,47,201
3041,POST,90,201
3041,POST,90,201
3082,POST,49,201
3041,POST,90,201
3040,POST,91,201
3041,POST,90,201
3041,POST,90,201
3041,POST,90,201
3041,POST,90,201
3041,POST,91,201
3041,POST,91,201
3041,POST,91,201
3083,POST,49,201
3114,POST,19,201
3114,POST,19,201
3121,POST,12,201
3114,POST,19,201
3114,POST,19,201
3121,POST,12,201
3113,POST,20,201
3113,POST,20,201
3113,POST,20,201
3084,POST,49,201
3041,POST,92,201
3041,POST,92,201
3041,POST,104,201
3083,POST,62,201
3041,POST,104,201
3041,POST,105,201
3031,POST,115,201
3082,POST,64,201
3080,POST,66,201
3121,POST,25,201
3114,POST,32,201
3121,POST,28,201
3041,POST,108,201
3113,POST,36,201
3127,POST,29,201
3127,POST,33,201
3127,POST,33,201
3131,POST,29,201
3133,POST,30,201
3133,POST,30,201
3133,POST,30,201
3146,POST,17,201
3127,POST,36,201
3133,POST,30,201
3127,POST,36,201
3131,POST,34,201
3130,POST,35,201
3133,POST,32,201
3127,POST,38,201
3131,POST,34,201
3130,POST,35,201
3133,POST,32,201
3133,POST,32,201
3131,POST,34,201
3131,POST,34,201
3133,POST,32,201
3131,POST,34,201
3133,POST,33,201
3146,POST,20,201
3127,POST,39,201
3130,POST,36,201
3133,POST,33,201
3149,POST,18,201
3145,POST,22,201
3128,POST,39,201
3145,POST,22,201
3156,POST,17,201
3130,POST,75,201
3163,POST,44,201
3163,POST,44,201
3146,POST,61,201
3146,POST,61,201
3163,POST,44,201
3132,POST,75,201
3163,POST,44,201
3130,POST,77,201
3130,POST,77,201
3160,POST,47,201
3127,POST,80,201
3163,POST,44,201
3131,POST,76,201
3130,POST,77,201
3130,POST,77,201
3132,POST,75,201
3127,POST,80,201
3132,POST,75,201
3145,POST,62,201
3127,POST,80,201
3163,POST,44,201
3131,POST,76,201
3160,POST,47,201
3133,POST,74,201
3163,POST,44,201
3131,POST,76,201
3131,POST,76,201
3146,POST,61,201
3131,POST,76,201
3132,POST,76,201
3160,POST,48,201
3130,POST,78,201
3128,POST,80,201
3131,POST,77,201
3130,POST,78,201
3130,POST,78,201
3146,POST,63,201
3149,POST,61,201
3149,POST,63,201
3128,POST,84,201
3165,POST,48,201
3166,POST,47,201
3167,POST,47,201
3165,POST,49,201
3165,POST,49,201
3165,POST,50,201
3166,POST,64,201
3167,POST,66,201
3165,POST,69,201
3165,POST,69,201
3166,POST,68,201
3165,POST,69,201
3165,POST,69,201
3167,POST,68,201
3165,POST,70,201
3167,POST,68,201
3166,POST,70,201
3165,POST,71,201
3166,POST,70,201
3212,POST,25,201
3173,POST,65,201
3208,POST,31,201
3207,POST,32,201
3165,POST,74,201
3208,POST,32,201
3165,POST,75,201
3212,POST,29,201
3207,POST,36,201
3207,POST,36,201
3207,POST,38,201
3230,POST,15,201
3207,POST,38,201
3207,POST,40,201
3207,POST,40,201
3207,POST,40,201
3207,POST,40,201
3207,POST,40,201
3207,POST,40,201
3213,POST,34,201
3208,POST,39,201
3207,POST,40,201
3207,POST,40,201
3210,POST,39,201
3233,POST,16,201
3234,POST,15,201
3213,POST,39,201
3235,POST,17,201
3207,POST,45,201
3208,POST,44,201
3235,POST,17,201
3234,POST,18,201
3207,POST,45,201
3214,POST,38,201
3207,POST,45,201
3207,POST,48,201
3207,POST,48,201
3207,POST,56,201
3235,POST,28,201
3236,POST,27,201
3207,POST,56,201
3207,POST,56,201
3234,POST,33,201
3207,POST,61,201
3239,POST,29,201
3243,POST,25,201
3243,POST,25,201
3245,POST,24,201
3245,POST,24,201
3214,POST,55,201
3245,POST,24,201
3240,POST,29,201
3240,POST,29,201
3215,POST,54,201
3207,POST,62,201
3236,POST,33,201
3207,POST,62,201
3234,POST,35,201
3234,POST,35,201
3237,POST,32,201
3214,POST,55,201
3207,POST,62,201
3208,POST,61,201
3205,POST,64,201
3207,POST,62,201
3207,POST,65,201
3209,POST,64,201
3208,POST,65,201
3208,POST,65,201
3238,POST,35,201
3207,POST,66,201
3207,POST,66,201
3247,POST,57,201
3247,POST,57,201
3241,POST,63,201
3252,POST,52,201
3247,POST,57,201
3239,POST,65,201
3247,POST,57,201
3239,POST,65,201
3247,POST,57,201
3236,POST,68,201
3247,POST,67,201
3247,POST,67,201
3263,POST,51,201
3268,POST,46,201
3269,POST,46,201
3268,POST,48,201
3252,POST,64,201
3269,POST,47,201
3273,POST,43,201
3268,POST,48,201
3269,POST,47,201
3269,POST,47,201
3247,POST,69,201
3269,POST,47,201
3247,POST,69,201
3252,POST,66,201
3269,POST,49,201
3255,POST,63,201
3247,POST,71,201
3252,POST,66,201
3249,POST,69,201
3252,POST,66,201
3255,POST,63,201
3268,POST,51,201
3269,POST,50,201
3263,POST,56,201
3269,POST,50,201
3249,POST,70,201
3268,POST,51,201
3269,POST,50,201
3269,POST,50,201
3269,POST,50,201
3255,POST,64,201
3269,POST,50,201
3269,POST,50,201
3304,POST,15,201
3269,POST,50,201
3304,POST,15,201
3255,POST,64,201
3304,POST,15,201
3263,POST,56,201
3252,POST,69,201
3304,POST,17,201
3304,POST,17,201
3272,POST,49,201
3304,POST,17,201
3304,POST,17,201
3304,POST,17,201
3273,POST,54,201
3273,POST,54,201
3273,POST,54,201
3314,POST,16,201
3314,POST,16,201
3315,POST,15,201
3316,POST,14,201
3316,POST,14,201
3316,POST,14,201
3314,POST,16,201
3316,POST,14,201
3316,POST,15,201
3316,POST,15,201
3316,POST,15,201
3316,POST,15,201
3316,POST,15,201
3318,POST,14,201
3319,POST,14,201
3318,POST,18,201
3273,POST,63,201
3273,POST,63,201
3319,POST,17,201
3318,POST,18,201
3319,POST,17,201
3318,POST,18,201
3318,POST,18,201
3319,POST,17,201
3319,POST,18,201
3321,POST,16,201
3319,POST,18,201
3319,POST,18,201
3319,POST,18,201
3319,POST,18,201
3319,POST,18,201
3321,POST,16,201
3321,POST,16,201
3319,POST,18,201
3318,POST,19,201
3319,POST,18,201
3319,POST,18,201
3321,POST,16,201
3321,POST,16,201
3319,POST,18,201
3327,POST,15,201
3327,POST,15,201
3318,POST,24,201
3330,POST,14,201
3330,POST,14,201
3330,POST,14,201
3331,POST,14,201
3331,POST,14,201
3332,POST,13,201
3331,POST,14,201
3331,POST,14,201
3333,POST,12,201
3337,POST,13,201
3336,POST,16,201
3336,POST,16,201
3336,POST,17,201
3337,POST,16,201
3337,POST,16,201
3337,POST,16,201
3337,POST,16,201
3337,POST,16,201
3336,POST,17,201
3337,POST,16,201
3337,POST,18,201
3337,POST,18,201
3337,POST,18,201
3337,POST,18,201
3342,POST,13,201
3344,POST,12,201
3342,POST,17,201
3342,POST,17,201
3344,POST,15,201
3345,POST,15,201
3345,POST,15,201
3345,POST,15,201
3345,POST,15,201
3345,POST,15,201
3350,POST,15,201
3353,POST,14,201
3353,POST,16,201
3353,POST,16,201
3353,POST,16,201
3353,POST,16,201
3355,POST,15,201
3355,POST,15,201
3355,POST,15,201
3359,POST,15,201
3359,POST,16,201
3374,POST,108,201
3317,POST,15,201
3317,POST,15,201
3317,POST,27,201
3332,POST,13,201
3317,POST,28,201
3332,POST,13,201
3317,POST,28,201
3317,POST,28,201
3317,POST,30,201
3344,POST,12,201
3345,POST,15,201
3345,POST,15,201
3345,POST,15,201
3345,POST,15,201
3345,POST,15,201
3347,POST,14,201
3356,POST,13,201
3360,POST,11,201
3360,POST,14,201
3360,POST,14,201
3360,POST,14,201
3361,POST,14,201
3360,POST,15,201
3369,POST,104,201
3371,POST,102,201
3374,POST,107,201
3375,POST,106,201
3375,POST,106,201
3374,POST,108,201
3374,POST,108,201
3473,POST,17,201
3473,POST,19,201
3481,POST,14,201
3481,POST,14,201
3481,POST,17,201
3482,POST,16,201
3482,POST,16,201
3490,POST,14,201
3492,POST,15,201
3495,POST,12,201
3495,POST,12,201
3498,POST,14,201
3498,POST,15,201
3498,POST,15,201
3504,POST,12,201
3507,POST,12,201
3507,POST,14,201
3507,POST,16,201
3512,POST,15,201
3513,POST,14,201
3513,POST,15,201
3516,POST,16,201
3520,POST,13,201
3521,POST,12,201
3523,POST,17,201
3527,POST,13,201
3527,POST,13,201
3528,POST,14,201
3533,POST,13,201
3533,POST,13,201
3532,POST,14,201
3540,POST,15,201
3540,POST,15,201
3540,POST,15,201
3542,POST,14,201
3546,POST,13,201
3546,POST,13,201
3546,POST,14,201
3555,POST,15,201
3555,POST,16,201
3556,POST,15,201
3559,POST,13,201
3559,POST,13,201
3560,POST,12,201
3572,POST,38,201
3572,POST,38,201
3572,POST,38,201
3570,POST,41,201
3571,POST,40,201
3571,POST,40,201
3570,POST,42,201
3610,POST,14,201
3610,POST,14,201
3611,POST,25,201
3611,POST,29,201
3611,POST,30,201
3612,POST,31,201
3610,POST,34,201
3624,POST,22,201
3640,POST,16,201
3636,POST,20,201
3641,POST,19,201
3643,POST,23,201
3644,POST,22,201
3660,POST,17,201
3656,POST,21,201
3666,POST,48,201
